id,name,model_id,group_id/id,operation,domain
portal_sale_order_user_rule,Portal Only Personal Quotations/Sales,sale.model_sale_order,base.group_portal,crud,"['|',
                ('partner_id', 'child_of', [user.partner_id.id]),
                ('message_partner_ids', 'child_of', [user.partner_id.id])
            ]"
portal_sale_order_line_rule,Portal Only Personal Sales Orders Line,sale.model_sale_order_line,base.group_portal,crud,"['|',
                ('order_id.partner_id', 'child_of', [user.partner_id.id]),
                ('order_id.message_partner_ids', 'child_of', [user.partner_id.id])
            ]"
portal_account_invoice_user_rule,Portal display personal invoices linked to personal sale orders,account.model_account_move,base.group_portal,crud,"['|',
                ('invoice_line_ids.sale_line_ids.order_id.partner_id', 'child_of', [user.partner_id.id]),
                ('invoice_line_ids.sale_line_ids.order_id.message_partner_ids', 'child_of', [user.partner_id.id])
            ]"
portal_account_invoice_line_rule,Portal display personal invoice lines linked to personal sale orders,account.model_account_move_line,base.group_portal,crud,"['|',
                ('sale_line_ids.order_id.partner_id', 'child_of', [user.partner_id.id]),
                ('sale_line_ids.order_id.message_partner_ids', 'child_of', [user.partner_id.id])
            ]"
